Date of Download: 2023-02-19_18:09:25,,,,,,,,,,,,,,,,,,,,,,,,
Search Parameters: metadata,,,,,,,,,,,,,,,,,,,,,,,,
,,,,,,,,,,,,,,,,,,,,,,,,
studyDbId,studyName,studyDescription,trialType,breedingProgramDbId,breedingProgramName,breedingProgramDescription,studyYear,studyDesign,locationDbId,locationName,plantingDate,harvestDate,plotWidth,plotLength,plantsPerPlot,numberBlocks,numberReps,fieldSize,fieldTrialIsPlannedToBeGenotyped,fieldTrialIsPlannedToCross,folderDbId,folderName,folderDescription,managementFactors
10466,202201BCMUL_ciat,202201BCMUL_ciat,Seed Multiplication,174,CIAT,"CIAT cassava breeding, Cali, Colombia",2022,Augmented,41,"CIAT. Valle, Colombia",2022-March-16,,2.4,4,10,1,1,,no,no,9835,CIAT_2022,, No ManagementFactor: 
10467,202202BCMUL_ciat,202202BCMUL_ciat,Seed Multiplication,174,CIAT,"CIAT cassava breeding, Cali, Colombia",2022,Augmented,41,"CIAT. Valle, Colombia",2022-March-16,,2.4,4,10,1,1,,no,no,9835,CIAT_2022,, No ManagementFactor: 
10565,202203PDMUL_ciat,202203PDMUL_ciat,Seed Multiplication,174,CIAT,"CIAT cassava breeding, Cali, Colombia",2022,Augmented,41,"CIAT. Valle, Colombia",2022-March-16,,2.4,4,10,1,1,,no,no,9835,CIAT_2022,, No ManagementFactor: 
10468,202204DVMUL_ciat,202204DVMUL_ciat,Seed Multiplication,174,CIAT,"CIAT cassava breeding, Cali, Colombia",2022,RCBD,41,"CIAT. Valle, Colombia",2022-March-24,,2.4,4,10,1,1,,no,no,9835,CIAT_2022,, No ManagementFactor: 
10469,202205BCMUL_ciat,202205BCMUL_ciat,Seed Multiplication,174,CIAT,"CIAT cassava breeding, Cali, Colombia",2022,Augmented,41,"CIAT. Valle, Colombia",2022-March-16,,2.4,4,10,1,1,,no,no,9835,CIAT_2022,, No ManagementFactor: 
10470,202206DVGN6_ciat,202206DVGN6_ciat,Specialty Trial,174,CIAT,"CIAT cassava breeding, Cali, Colombia",2022,RCBD,41,"CIAT. Valle, Colombia",2022-March-31,,2.4,4,10,2,2,,no,no,9835,CIAT_2022,, No ManagementFactor: 
10471,202207CQQU1_ciat,202207CQQU1_ciat,Seed Multiplication,174,CIAT,"CIAT cassava breeding, Cali, Colombia",2022,Augmented,41,"CIAT. Valle, Colombia",2022-March-31,,1.2,9.6,12,1,1,,no,no,9835,CIAT_2022,, No ManagementFactor: 
10472,202208CQMUL_ciat,202208CQMUL_ciat,Seed Multiplication,174,CIAT,"CIAT cassava breeding, Cali, Colombia",2022,Augmented,41,"CIAT. Valle, Colombia",2022-March-31,,6,8,50,1,1,,no,no,9835,CIAT_2022,, No ManagementFactor: 
10481,202209CQQU1_ciat,202209CQQU1_ciat,Seed Multiplication,174,CIAT,"CIAT cassava breeding, Cali, Colombia",2022,Augmented,41,"CIAT. Valle, Colombia",2022-April-28,,1.2,9.6,12,1,1,,no,no,9835,CIAT_2022,, No ManagementFactor: 
10998,2022102DVPRG_stom,2022102DVPRG_stom,Preliminary Yield Trial,174,CIAT,"CIAT cassava breeding, Cali, Colombia",2022,RCBD,52,"Santo Tomas. Atlantico, Colombia",2022-September-26,,5,4,25,3,3,,no,no,9835,CIAT_2022,, No ManagementFactor: 
11183,2022103CQF1C_repe,2022103CQF1C_repe,Clonal Evaluation,174,CIAT,"CIAT cassava breeding, Cali, Colombia",2022,Augmented,56,"Repelon. Atlantico, Colombia",2022-September-20,,1.3,4.8,,1,1,,no,no,9835,CIAT_2022,, No ManagementFactor: 
11184,2022104DMF1C_repe,2022104DMF1C_repe,Clonal Evaluation,174,CIAT,"CIAT cassava breeding, Cali, Colombia",2022,Augmented,56,"Repelon. Atlantico, Colombia",2022-September-20,,1.3,4.8,,1,1,,no,no,9835,CIAT_2022,, No ManagementFactor: 
11181,2022106CQEPR_stom,2022106CQEPR_stom,Preliminary Yield Trial,174,CIAT,"CIAT cassava breeding, Cali, Colombia",2022,RCBD,52,"Santo Tomas. Atlantico, Colombia",2022-September-26,,1.6,4.8,,2,2,,no,no,9835,CIAT_2022,, No ManagementFactor: 
11180,2022107CQEPR_saha,2022107CQEPR_saha,Preliminary Yield Trial,174,CIAT,"CIAT cassava breeding, Cali, Colombia",2022,RCBD,61,"Sahagun. Cordoba, Colombia",2022-September-26,,2.6,3.5,,2,2,,no,no,9835,CIAT_2022,, No ManagementFactor: 
11215,2022108LAF1C_saha,2022108LAF1C_saha,Clonal Evaluation,174,CIAT,"CIAT cassava breeding, Cali, Colombia",2022,Augmented,61,"Sahagun. Cordoba, Colombia",2022-September-21,,1.3,4.2,,1,1,,no,no,9835,CIAT_2022,, No ManagementFactor: 
11216,2022109BCF1C_cere,2022109BCF1C_cere,Clonal Evaluation,174,CIAT,"CIAT cassava breeding, Cali, Colombia",2022,Augmented,64,"Cerete. Cordoba, Colombia",2022-September-23,,1.2,4.2,,1,1,,no,no,9835,CIAT_2022,, No ManagementFactor: 
10671,202210DMAYT_dona,"202210DMAYT_dona
Population from Hawaii",Advanced Yield Trial,174,CIAT,"CIAT cassava breeding, Cali, Colombia",2022,RCBD,472,Dong Nai,2022-August-17,,5,3.2,20,3,3,,no,no,10610,Vietnam_2022,, No ManagementFactor: 
11120,2022110DMEAR_laog,2022110DMEAR_laog; IITA clones and CIAT elite selections,Advanced Yield Trial,174,CIAT,"CIAT cassava breeding, Cali, Colombia",2022,RCBD,518,Lao Ngam,2022-April-06,2022-November-17,4,5,20,3,3,,no,no,10610,Vietnam_2022,, No ManagementFactor: 
11182,2022111DVGST_ciat,2022111DVGST_ciat,Specialty Trial,174,CIAT,"CIAT cassava breeding, Cali, Colombia",2022,RCBD,41,"CIAT. Valle, Colombia",2022-September-05,,1.2,1.6,,1,1,,no,no,9835,CIAT_2022,, No ManagementFactor: 
11185,2022112CQQU1_ciat,2022112CQQU1_ciat,Specialty Trial,174,CIAT,"CIAT cassava breeding, Cali, Colombia",2022,Augmented,41,"CIAT. Valle, Colombia",2022-November-28,,1.2,9.6,,1,1,,no,no,9835,CIAT_2022,, No ManagementFactor: 
11186,2022113CQQU1_ciat,2022113CQQU1_ciat,Specialty Trial,174,CIAT,"CIAT cassava breeding, Cali, Colombia",2022,Augmented,41,"CIAT. Valle, Colombia",2022-December-21,,1.2,9.6,,1,1,,no,no,9835,CIAT_2022,, No ManagementFactor: 
11257,2022117LAPRC_saha,2022117LAPRC_saha,Uniform Yield Trial,174,CIAT,"CIAT cassava breeding, Cali, Colombia",2022,RCBD,41,"CIAT. Valle, Colombia",2022-August-17,,5.2,3.5,,3,3,,no,no,9835,CIAT_2022,, No ManagementFactor: 
10518,202211LAPRC_momi,202211LAPRC_momi,Uniform Yield Trial,174,CIAT,"CIAT cassava breeding, Cali, Colombia",2022,RCBD,127,"Momil. Cordoba, Colombia",2022-April-26,,5.2,3.5,25,3,3,,no,no,9835,CIAT_2022,, No ManagementFactor: 
10771,202212LAPRC_repe,202212LAPRC_repe,Uniform Yield Trial,174,CIAT,"CIAT cassava breeding, Cali, Colombia",2022,RCBD,56,"Repelon. Atlantico, Colombia",2022-June-17,,6.5,4,25,3,3,,no,no,9835,CIAT_2022,, No ManagementFactor: 
10707,202213LAPRC_stom,202213LAPRC_stom,Uniform Yield Trial,174,CIAT,"CIAT cassava breeding, Cali, Colombia",2022,RCBD,52,"Santo Tomas. Atlantico, Colombia",2022-June-17,,5,4,25,3,3,,no,no,9835,CIAT_2022,, No ManagementFactor: 
10644,202214DVCOB_ciat,202214DVCOB_ciat,Clonal Evaluation,174,CIAT,"CIAT cassava breeding, Cali, Colombia",2022,Augmented,41,"CIAT. Valle, Colombia",2022-May-05,,2.4,4,10,1,1,,no,no,9835,CIAT_2022,, No ManagementFactor: 
10645,202215DVMUL_ciat,202215DVMUL_ciat,Seed Multiplication,174,CIAT,"CIAT cassava breeding, Cali, Colombia",2022,Augmented,41,"CIAT. Valle, Colombia",2022-May-05,,7.2,8,60,1,1,,no,no,9835,CIAT_2022,, No ManagementFactor: 
11244,202216DVPAR_ciat,202216DVPAR_ciat,crossing_block_trial,174,CIAT,"CIAT cassava breeding, Cali, Colombia",2022,greenhouse,41,"CIAT. Valle, Colombia",2022-May-12,,4,7.5,varies,3,3,,no,no,9835,CIAT_2022,, No ManagementFactor: 
10540,202217DVPRG_momi,202217DVPRG_momi,Preliminary Yield Trial,174,CIAT,"CIAT cassava breeding, Cali, Colombia",2022,RCBD,127,"Momil. Cordoba, Colombia",2022-May-19,,2.6,3.5,10,2,2,,no,no,9835,CIAT_2022,, No ManagementFactor: 
10781,202218DVPRG_repe,202218DVPRG_repe,Preliminary Yield Trial,174,CIAT,"CIAT cassava breeding, Cali, Colombia",2022,RCBD,56,"Repelon. Atlantico, Colombia",2022-May-08,,2.6,4,10,2,2,,no,no,9835,CIAT_2022,, No ManagementFactor: 
11225,202219DMF1C_cere,202219DMF1C_cere,Clonal Evaluation,174,CIAT,"CIAT cassava breeding, Cali, Colombia",2022,Augmented,64,"Cerete. Cordoba, Colombia",2022-June-16,,1.2,4.2,,1,1,,no,no,9835,CIAT_2022,, No ManagementFactor: 
10572,202220FSGN1_ciat,202220FSGN1_ciat,Specialty Trial,174,CIAT,"CIAT cassava breeding, Cali, Colombia",2022,RCBD,41,"CIAT. Valle, Colombia",2022-May-17,,2,10,20,4,4,,no,no,9835,CIAT_2022,, No ManagementFactor: 
10541,202221LAEAR_momi,202221LAEAR_momi,Advanced Yield Trial,174,CIAT,"CIAT cassava breeding, Cali, Colombia",2022,RCBD,127,"Momil. Cordoba, Colombia",2022-June-02,,5.2,3.5,20,3,3,,no,no,9835,CIAT_2022,, No ManagementFactor: 
10782,202222LAEAR_repe,202222LAEAR_repe,Advanced Yield Trial,174,CIAT,"CIAT cassava breeding, Cali, Colombia",2022,RCBD,56,"Repelon. Atlantico, Colombia",2022-May-17,,5.2,4,20,3,3,,no,no,9835,CIAT_2022,, No ManagementFactor: 
10708,202223LAEAR_stom,202223LAEAR_stom,Advanced Yield Trial,174,CIAT,"CIAT cassava breeding, Cali, Colombia",2022,RCBD,52,"Santo Tomas. Atlantico, Colombia",2022-July-18,,4,4,20,3,3,,no,no,9835,CIAT_2022,, No ManagementFactor: 
10542,202224BCEAR_cere,202224BCEAR_cere,Advanced Yield Trial,174,CIAT,"CIAT cassava breeding, Cali, Colombia",2022,RCBD,64,"Cerete. Cordoba, Colombia",2022-June-03,,4.8,3.5,,3,3,,no,no,9835,CIAT_2022,, No ManagementFactor: 
11063,202226LAEPR_momi,202226LAEPR_momi,Preliminary Yield Trial,174,CIAT,"CIAT cassava breeding, Cali, Colombia",2022,RCBD,127,"Momil. Cordoba, Colombia",2022-June-07,,2.6,3.5,10,2,2,,no,no,9835,CIAT_2022,, No ManagementFactor: 
10646,202227CQQU1_ciat,202227CQQU1_ciat,Seed Multiplication,174,CIAT,"CIAT cassava breeding, Cali, Colombia",2022,Augmented,41,"CIAT. Valle, Colombia",2022-May-31,,1.2,9.6,12,1,1,,no,no,9835,CIAT_2022,, No ManagementFactor: 
10647,202228DMF1C_ciat,202228DMF1C_ciat,Clonal Evaluation,174,CIAT,"CIAT cassava breeding, Cali, Colombia",2022,Augmented,41,"CIAT. Valle, Colombia",2022-June-13,,1.2,1.6,2,1,1,,no,no,9835,CIAT_2022,, No ManagementFactor: 
10648,202229CQF1C_ciat,202229CQF1C_ciat,Clonal Evaluation,174,CIAT,"CIAT cassava breeding, Cali, Colombia",2022,Augmented,41,"CIAT. Valle, Colombia",2022-June-17,,1.2,1.6,2,1,1,,no,no,9835,CIAT_2022,, No ManagementFactor: 
10649,202230BCEPR_ciat,202230BCEPR_ciat,Preliminary Yield Trial,174,CIAT,"CIAT cassava breeding, Cali, Colombia",2022,RCBD,41,"CIAT. Valle, Colombia",2022-July-07,,1.2,4,5,1,1,,no,no,9835,CIAT_2022,, No ManagementFactor: 
10849,202231DVPRG_ciat,202231DVPRG_ciat,Preliminary Yield Trial,174,CIAT,"CIAT cassava breeding, Cali, Colombia",2022,RCBD,41,"CIAT. Valle, Colombia",2022-July-07,,1.2,4,5,1,1,,no,no,9835,CIAT_2022,, No ManagementFactor: 
10539,202232DVGN6_momi,202232DVGN6_momi,Specialty Trial,174,CIAT,"CIAT cassava breeding, Cali, Colombia",2022,RCBD,127,"Momil. Cordoba, Colombia",2022-May-18,,2.6,3.5,10,2,2,,no,no,9835,CIAT_2022,, No ManagementFactor: 
11174,202233CQF1C_cere,202233CQF1C_cere,Clonal Evaluation,174,CIAT,"CIAT cassava breeding, Cali, Colombia",2022,greenhouse,64,"Cerete. Cordoba, Colombia",2022-June-18,,1.2,4.2,varies,1,1,,no,no,9835,CIAT_2022,, No ManagementFactor: 
11062,202234LAEPR_momi,202234LAEPR_momi,Preliminary Yield Trial,174,CIAT,"CIAT cassava breeding, Cali, Colombia",2022,RCBD,127,"Momil. Cordoba, Colombia",2022-July-05,,2.6,3.5,10,2,2,,no,no,9835,CIAT_2022,, No ManagementFactor: 
11175,202235LAEPR_saha,202235LAEPR_saha,Preliminary Yield Trial,174,CIAT,"CIAT cassava breeding, Cali, Colombia",2022,RCBD,61,"Sahagun. Cordoba, Colombia",2022-August-12,,2.6,3.5,,2,2,,no,no,9835,CIAT_2022,, No ManagementFactor: 
10709,202236LAEPR_stom,202236LAEPR_stom,Preliminary Yield Trial,174,CIAT,"CIAT cassava breeding, Cali, Colombia",2022,RCBD,52,"Santo Tomas. Atlantico, Colombia",2022-June-30,,3.2,4,10,2,2,,no,no,9835,CIAT_2022,, No ManagementFactor: 
10923,202237LAEPR_repe,202237LAEPR_repe,Preliminary Yield Trial,174,CIAT,"CIAT cassava breeding, Cali, Colombia",2022,RCBD,56,"Repelon. Atlantico, Colombia",2022-June-27,,2.6,4,10,2,2,,no,no,9835,CIAT_2022,, No ManagementFactor: 
11057,202238BCEPR_cere,202238BCEPR_cere,Preliminary Yield Trial,174,CIAT,"CIAT cassava breeding, Cali, Colombia",2022,RCBD,64,"Cerete. Cordoba, Colombia",2022-August-05,,2.4,3.5,10,2,2,,no,no,9835,CIAT_2022,, No ManagementFactor: 
10978,202239BCEPR_repe,202239BCEPR_repe,Preliminary Yield Trial,174,CIAT,"CIAT cassava breeding, Cali, Colombia",2022,RCBD,56,"Repelon. Atlantico, Colombia",2022-June-07,,2.6,4,10,2,2,,no,no,9835,CIAT_2022,, No ManagementFactor: 
11213,202240BCEPR_cere,202240BCEPR_cere,Preliminary Yield Trial,174,CIAT,"CIAT cassava breeding, Cali, Colombia",2022,RCBD,64,"Cerete. Cordoba, Colombia",2022-June-24,,2.4,3.5,,2,2,,no,no,9835,CIAT_2022,, No ManagementFactor: 
10794,202241BCEPR_stom,202241BCEPR_stom,Preliminary Yield Trial,174,CIAT,"CIAT cassava breeding, Cali, Colombia",2022,RCBD,52,"Santo Tomas. Atlantico, Colombia",2022-August-05,,3.2,4,10,2,2,,no,no,9835,CIAT_2022,, No ManagementFactor: 
10716,202242BCF1C_stom,202242BCF1C_stom,Clonal Evaluation,174,CIAT,"CIAT cassava breeding, Cali, Colombia",2022,Augmented,52,"Santo Tomas. Atlantico, Colombia",2022-June-22,,1.6,4.8,6,1,1,,no,no,9835,CIAT_2022,, No ManagementFactor: 
10650,202243BCF1C_ciat,202243BCF1C_ciat,Clonal Evaluation,174,CIAT,"CIAT cassava breeding, Cali, Colombia",2022,Augmented,41,"CIAT. Valle, Colombia",2022-June-16,,1.2,1.6,2,1,1,,no,no,9835,CIAT_2022,, No ManagementFactor: 
10651,202244BCMUL_ciat,202244BCMUL_ciat,Seed Multiplication,174,CIAT,"CIAT cassava breeding, Cali, Colombia",2022,Augmented,41,"CIAT. Valle, Colombia",2022-June-16,,1.2,4,5,1,1,,no,no,9835,CIAT_2022,, No ManagementFactor: 
10566,202245BCMUL_ciat,202245BCMUL_ciat,Seed Multiplication,174,CIAT,"CIAT cassava breeding, Cali, Colombia",2022,Augmented,41,"CIAT. Valle, Colombia",,,6,4,25,1,1,,no,no,9835,CIAT_2022,, No ManagementFactor: 
10652,202246CQQU1_ciat,202246CQQU1_ciat,Seed Multiplication,174,CIAT,"CIAT cassava breeding, Cali, Colombia",2022,Augmented,41,"CIAT. Valle, Colombia",2022-June-30,,1.2,9.6,12,1,1,,no,no,9835,CIAT_2022,, No ManagementFactor: 
10670,202247DMAYT_tani,202247DMAYT_tani; population from Hawaii,Advanced Yield Trial,174,CIAT,"CIAT cassava breeding, Cali, Colombia",2022,RCBD,467,Tay Ninh,2022-August-17,,5,3.2,20,3,3,,no,no,10610,Vietnam_2022,, No ManagementFactor: 
10848,202248FSMUL_ciat,202248FSMUL_ciat,Specialty Trial,174,CIAT,"CIAT cassava breeding, Cali, Colombia",2022,Augmented,41,"CIAT. Valle, Colombia",2022-July-07,,1.2,4,5,1,1,,no,no,9835,CIAT_2022,, No ManagementFactor: 
10653,202249S1F1C_ciat,202249S1F1C_ciat,Clonal Evaluation,174,CIAT,"CIAT cassava breeding, Cali, Colombia",2022,Augmented,41,"CIAT. Valle, Colombia",2022-June-22,,1.2,1.6,2,81,1,,no,no,9835,CIAT_2022,, No ManagementFactor: 
11229,202250LAF1C_saha,202250LAF1C_saha,Clonal Evaluation,174,CIAT,"CIAT cassava breeding, Cali, Colombia",2022,Augmented,61,"Sahagun. Cordoba, Colombia",2022-June-09,,1.3,4.2,,1,1,,no,no,9835,CIAT_2022,, No ManagementFactor: 
10680,202251S1F1C_momi,202251S1F1C_momi,Clonal Evaluation,174,CIAT,"CIAT cassava breeding, Cali, Colombia",2022,Augmented,127,"Momil. Cordoba, Colombia",2022-June-10,,1.3,4.2,6,1,1,,no,no,9835,CIAT_2022,, No ManagementFactor: 
10710,202252DVPRC_stom,202252DVPRC_stom,Uniform Yield Trial,174,CIAT,"CIAT cassava breeding, Cali, Colombia",2022,RCBD,52,"Santo Tomas. Atlantico, Colombia",2022-June-30,,2,4,10,2,2,,no,no,9835,CIAT_2022,, No ManagementFactor: 
11064,202253LAEPR_saha,202253LAEPR_saha,Preliminary Yield Trial,174,CIAT,"CIAT cassava breeding, Cali, Colombia",2022,RCBD,61,"Sahagun. Cordoba, Colombia",2022-July-08,,1.3,4.2,6,2,2,,no,no,9835,CIAT_2022,, No ManagementFactor: 
10980,202254LAEPR_repe,202254LAEPR_repe,Preliminary Yield Trial,174,CIAT,"CIAT cassava breeding, Cali, Colombia",2022,RCBD,56,"Repelon. Atlantico, Colombia",2022-July-22,,2.6,4,10,2,2,,no,no,9835,CIAT_2022,, No ManagementFactor: 
10795,202255BCEAR_stom,202255BCEAR_stom,Advanced Yield Trial,174,CIAT,"CIAT cassava breeding, Cali, Colombia",2022,RCBD,52,"Santo Tomas. Atlantico, Colombia",2022-August-05,,4,4,20,3,3,,no,no,9835,CIAT_2022,, No ManagementFactor: 
10793,202256DVGST_stom,202256DVGST_stom,Specialty Trial,174,CIAT,"CIAT cassava breeding, Cali, Colombia",2022,RCBD,52,"Santo Tomas. Atlantico, Colombia",2022-July-15,,1.6,4,5,2,2,,no,no,9835,CIAT_2022,, No ManagementFactor: 
11001,202258DVGST_ciat,202258DVGST_ciat,Specialty Trial,174,CIAT,"CIAT cassava breeding, Cali, Colombia",2022,Augmented,41,"CIAT. Valle, Colombia",2022-July-27,,1.2,4,5,1,1,,no,no,9835,CIAT_2022,, No ManagementFactor: 
11051,202259CQQU1_ciat,202259CQQU1_ciat,Seed Multiplication,174,CIAT,"CIAT cassava breeding, Cali, Colombia",2022,Augmented,41,"CIAT. Valle, Colombia",2022-July-29,,1.2,9.6,12,1,1,,no,no,9835,CIAT_2022,, No ManagementFactor: 
11243,202260LBPAR_ciat,202260LBPAR_ciat,crossing_block_trial,174,CIAT,"CIAT cassava breeding, Cali, Colombia",2022,greenhouse,41,"CIAT. Valle, Colombia",2022-June-16,,4,7.5,varies,1,1,,no,no,9835,CIAT_2022,, No ManagementFactor: 
11052,202266IDEPR_ciat,202266IDEPR_ciat,Preliminary Yield Trial,174,CIAT,"CIAT cassava breeding, Cali, Colombia",2022,Augmented,41,"CIAT. Valle, Colombia",2022-July-19,,1.2,3.2,4,1,1,,no,no,9835,CIAT_2022,, No ManagementFactor: 
10977,202267IDEPR_repe,202267IDEPR_repe,Preliminary Yield Trial,174,CIAT,"CIAT cassava breeding, Cali, Colombia",2022,RCBD,56,"Repelon. Atlantico, Colombia",2022-July-25,,1.3,3.2,4,2,2,,no,no,9835,CIAT_2022,, No ManagementFactor: 
11142,202268IDEPR_cere,202268IDEPR_cere,Preliminary Yield Trial,174,CIAT,"CIAT cassava breeding, Cali, Colombia",2022,RCBD,64,"Cerete. Cordoba, Colombia",2022-July-29,,1.2,4.2,,2,2,,no,no,9835,CIAT_2022,, No ManagementFactor: 
11176,202269LAEAR_saha,202269LAEAR_saha,Advanced Yield Trial,174,CIAT,"CIAT cassava breeding, Cali, Colombia",2022,RCBD,61,"Sahagun. Cordoba, Colombia",2022-August-17,,5.2,3.5,,3,3,,no,no,9835,CIAT_2022,, No ManagementFactor: 
11053,202271DVGST_ciat,202271DVGST_ciat,Specialty Trial,174,CIAT,"CIAT cassava breeding, Cali, Colombia",2022,RCBD,41,"CIAT. Valle, Colombia",2022-August-10,,1.2,4,5,1,1,,no,no,9835,CIAT_2022,, No ManagementFactor: 
11054,202272DVMUL_ciat,202272DVMUL_ciat,Seed Multiplication,174,CIAT,"CIAT cassava breeding, Cali, Colombia",2022,Augmented,41,"CIAT. Valle, Colombia",2022-August-04,,1.2,4,5,1,1,,no,no,9835,CIAT_2022,, No ManagementFactor: 
11123,202273CQQU1_ciat,202273CQQU1_ciat,Seed Multiplication,174,CIAT,"CIAT cassava breeding, Cali, Colombia",2022,Augmented,41,"CIAT. Valle, Colombia",2022-August-26,,1.2,9.6,12,1,1,,no,no,9835,CIAT_2022,, No ManagementFactor: 
11124,202274CQQU1_ciat,202274CQQU1_ciat,Seed Multiplication,174,CIAT,"CIAT cassava breeding, Cali, Colombia",2022,Augmented,41,"CIAT. Valle, Colombia",2022-September-27,,1.2,9.6,12,1,1,,no,no,9835,CIAT_2022,, No ManagementFactor: 
11125,202275CQQU1_ciat,202275CQQU1_ciat,Seed Multiplication,174,CIAT,"CIAT cassava breeding, Cali, Colombia",2022,Augmented,41,"CIAT. Valle, Colombia",2022-October-28,,1.2,9.6,12,1,1,,no,no,9835,CIAT_2022,, No ManagementFactor: 
11055,202276SGF1C_ciat,202276SGF1C_ciat,Specialty Trial,174,CIAT,"CIAT cassava breeding, Cali, Colombia",2022,Augmented,41,"CIAT. Valle, Colombia",2022-August-10,,1.2,1.6,2,1,1,,no,no,9835,CIAT_2022,, No ManagementFactor: 
10832,202277LAEPR_stom,202277LAEPR_stom,Preliminary Yield Trial,174,CIAT,"CIAT cassava breeding, Cali, Colombia",2022,RCBD,52,"Santo Tomas. Atlantico, Colombia",2022-August-19,,3.2,4,10,2,2,,no,no,9835,CIAT_2022,, No ManagementFactor: 
11058,202278LAEPR_saha,202278LAEPR_saha,Advanced Yield Trial,174,CIAT,"CIAT cassava breeding, Cali, Colombia",2022,RCBD,61,"Sahagun. Cordoba, Colombia",2022-August-16,,2.6,3.5,10,2,2,,no,no,9835,CIAT_2022,, No ManagementFactor: 
11245,202279DVPAR_ciat,202279DVPAR_ciat,crossing_block_trial,174,CIAT,"CIAT cassava breeding, Cali, Colombia",2022,greenhouse,41,"CIAT. Valle, Colombia",2022-August-11,,2,5,varies,2,2,,no,no,9835,CIAT_2022,, No ManagementFactor: 
11246,202280LAPLY_ciat,202280LAPLY_ciat,crossing_block_trial,174,CIAT,"CIAT cassava breeding, Cali, Colombia",2022,greenhouse,41,"CIAT. Valle, Colombia",2022-August-25,,2,7.5,varies,5,5,,no,no,9835,CIAT_2022,, No ManagementFactor: 
11247,202281SGPLY_ciat,202281SGPLY_ciat,crossing_block_trial,174,CIAT,"CIAT cassava breeding, Cali, Colombia",2022,greenhouse,41,"CIAT. Valle, Colombia",2022-August-25,,2,18,varies,13,13,,no,no,9835,CIAT_2022,, No ManagementFactor: 
11248,202282LAPLY_ciat,202282LAPLY_ciat,crossing_block_trial,174,CIAT,"CIAT cassava breeding, Cali, Colombia",2022,greenhouse,41,"CIAT. Valle, Colombia",2022-November-25,,2,3.2,varies,4,4,,no,no,9835,CIAT_2022,, No ManagementFactor: 
11126,202283DVMUL_ciat,202283DVMUL_ciat,Seed Multiplication,174,CIAT,"CIAT cassava breeding, Cali, Colombia",2022,Augmented,41,"CIAT. Valle, Colombia",2022-August-24,,1.2,4,5,1,1,,no,no,9835,CIAT_2022,, No ManagementFactor: 
10666,202284DMF1C_dona,202284DMF1C_dona,Clonal Evaluation,174,CIAT,"CIAT cassava breeding, Cali, Colombia",2022,Augmented,472,Dong Nai,2022-March-20,,1,3.2,4,1,1,,no,no,10610,Vietnam_2022,, No ManagementFactor: 
10613,202285DMF1C_tani,202285DMF1C_tani,Clonal Evaluation,174,CIAT,"CIAT cassava breeding, Cali, Colombia",2022,Augmented,467,Tay Ninh,2022-March-10,,1,3.2,,1,1,,no,no,10610,Vietnam_2022,, No ManagementFactor: 
10667,202286DMF1C_dona,202286DMF1C_dona,Clonal Evaluation,174,CIAT,"CIAT cassava breeding, Cali, Colombia",2022,Augmented,472,Dong Nai,2022-March-19,,1,3.2,4,1,1,,no,no,10610,Vietnam_2022,, No ManagementFactor: 
10668,202287DMF1C_tani,202287DMF1C_tani,Clonal Evaluation,174,CIAT,"CIAT cassava breeding, Cali, Colombia",2022,Augmented,467,Tay Ninh,2022-March-11,,1,3.2,4,1,1,,no,no,10610,Vietnam_2022,, No ManagementFactor: 
11256,202288GSF1C_ciat,202288GSF1C_ciat,Clonal Evaluation,174,CIAT,"CIAT cassava breeding, Cali, Colombia",2022,greenhouse,41,"CIAT. Valle, Colombia",2022-January-05,,1,2.4,varies,20,20,,no,no,9835,CIAT_2022,, No ManagementFactor: 
11056,202289DVGXE_ciat,202289DVGXE_ciat,Regional Trials,174,CIAT,"CIAT cassava breeding, Cali, Colombia",2022,RCBD,41,"CIAT. Valle, Colombia",2022-August-25,,4.8,4,20,2,2,,no,no,9835,CIAT_2022,, No ManagementFactor: 
11065,202292DVGXE_arem,202292DVGXE_arem,Regional Trials,174,CIAT,"CIAT cassava breeding, Cali, Colombia",2022,RCBD,50,"Aremasain. Guajira, Colombia",2022-August-29,,4,4,20,2,2,,no,no,9835,CIAT_2022,, No ManagementFactor: 
11177,202293DVGXE_saha,202293DVGXE_saha,Regional Trials,174,CIAT,"CIAT cassava breeding, Cali, Colombia",2022,RCBD,61,"Sahagun. Cordoba, Colombia",2022-August-30,,5.2,3.5,,2,2,,no,no,9835,CIAT_2022,, No ManagementFactor: 
10993,202294DVGXE_stom,202294DVGXE_stom,Regional Trials,174,CIAT,"CIAT cassava breeding, Cali, Colombia",2022,RCBD,52,"Santo Tomas. Atlantico, Colombia",2022-September-08,,4,4,20,2,2,,no,no,9835,CIAT_2022,, No ManagementFactor: 
11178,202295DVGXE_cere,202295DVGXE_cere,Regional Trials,174,CIAT,"CIAT cassava breeding, Cali, Colombia",2022,RCBD,64,"Cerete. Cordoba, Colombia",2022-September-08,,4.8,4,,2,2,,no,no,9835,CIAT_2022,, No ManagementFactor: 
10973,202297DVEPR_stom,202297DVEPR_stom,Preliminary Yield Trial,174,CIAT,"CIAT cassava breeding, Cali, Colombia",2022,RCBD,52,"Santo Tomas. Atlantico, Colombia",2022-September-12,,2,4,10,2,2,,no,no,9835,CIAT_2022,, No ManagementFactor: 
10831,202298SGCOB_stom,202298SGCOB_stom,Specialty Trial,174,CIAT,"CIAT cassava breeding, Cali, Colombia",2022,Augmented,52,"Santo Tomas. Atlantico, Colombia",2022-August-15,,1.6,4.8,6,1,1,,no,no,9835,CIAT_2022,, No ManagementFactor: 
